-- MySQL dump 10.13  Distrib 5.7.17, for Win64 (x86_64)
--
-- Host: 127.0.0.1    Database: marovik
-- ------------------------------------------------------
-- Server version	5.5.5-10.4.6-MariaDB

/*!40101 SET @OLD_CHARACTER_SET_CLIENT=@@CHARACTER_SET_CLIENT */;
/*!40101 SET @OLD_CHARACTER_SET_RESULTS=@@CHARACTER_SET_RESULTS */;
/*!40101 SET @OLD_COLLATION_CONNECTION=@@COLLATION_CONNECTION */;
/*!40101 SET NAMES utf8 */;
/*!40103 SET @OLD_TIME_ZONE=@@TIME_ZONE */;
/*!40103 SET TIME_ZONE='+00:00' */;
/*!40014 SET @OLD_UNIQUE_CHECKS=@@UNIQUE_CHECKS, UNIQUE_CHECKS=0 */;
/*!40014 SET @OLD_FOREIGN_KEY_CHECKS=@@FOREIGN_KEY_CHECKS, FOREIGN_KEY_CHECKS=0 */;
/*!40101 SET @OLD_SQL_MODE=@@SQL_MODE, SQL_MODE='NO_AUTO_VALUE_ON_ZERO' */;
/*!40111 SET @OLD_SQL_NOTES=@@SQL_NOTES, SQL_NOTES=0 */;

--
-- Table structure for table `cart`
--

DROP TABLE IF EXISTS `cart`;
/*!40101 SET @saved_cs_client     = @@character_set_client */;
/*!40101 SET character_set_client = utf8 */;
CREATE TABLE `cart` (
  `id` int(11) NOT NULL AUTO_INCREMENT,
  `id_user` int(11) DEFAULT NULL,
  `id_product` int(11) DEFAULT NULL,
  `quantity` int(11) NOT NULL,
  `total` int(11) DEFAULT NULL,
  PRIMARY KEY (`id`),
  KEY `id_user_idx` (`id_user`),
  KEY `id_product_idx` (`id_product`),
  CONSTRAINT `id_product` FOREIGN KEY (`id_product`) REFERENCES `products` (`id`) ON DELETE NO ACTION ON UPDATE NO ACTION,
  CONSTRAINT `user_id` FOREIGN KEY (`id_user`) REFERENCES `users` (`id`) ON DELETE NO ACTION ON UPDATE NO ACTION
) ENGINE=InnoDB DEFAULT CHARSET=utf8;
/*!40101 SET character_set_client = @saved_cs_client */;

--
-- Dumping data for table `cart`
--

LOCK TABLES `cart` WRITE;
/*!40000 ALTER TABLE `cart` DISABLE KEYS */;
/*!40000 ALTER TABLE `cart` ENABLE KEYS */;
UNLOCK TABLES;

--
-- Table structure for table `categories`
--

DROP TABLE IF EXISTS `categories`;
/*!40101 SET @saved_cs_client     = @@character_set_client */;
/*!40101 SET character_set_client = utf8 */;
CREATE TABLE `categories` (
  `id` int(11) NOT NULL AUTO_INCREMENT,
  `title` varchar(45) NOT NULL,
  `namePath` varchar(45) NOT NULL,
  `image` varchar(100) NOT NULL,
  PRIMARY KEY (`id`)
) ENGINE=InnoDB AUTO_INCREMENT=16 DEFAULT CHARSET=utf8;
/*!40101 SET character_set_client = @saved_cs_client */;

--
-- Dumping data for table `categories`
--

LOCK TABLES `categories` WRITE;
/*!40000 ALTER TABLE `categories` DISABLE KEYS */;
INSERT INTO `categories` VALUES (1,'Tecnología','tecnologia','img-banner-categoria-tecnologia.jpg'),(2,'Electrodomésticos','electrodomesticos','img-banner-categoria-electrodomesticos.jpeg'),(3,'Bebés y Niños','bebes-y-ninos','img-banner-categoria-bebes-y-ninos.jpg'),(4,'Librería','libreria','img-banner-categoria-libreria.jpg'),(5,'Almacén','almacen','img-banner-categoria-almacen.jpg'),(6,'Bebidas','bebidas','img-banner-categoria-bebidas.jpg'),(7,'Frutas y Verduras','frutas-y-verduras','img-banner-categoria-frutas-y-verduras.jpg'),(8,'Carnes','carnes','img-banner-categoria-carnes.jpg'),(9,'Pescados y Mariscos','pescados-y-mariscos','img-banner-categoria-pescados-y-mariscos.jpg'),(10,'Quesos y Fiambres','quesos-y-fiambres','img-banner-categoria-quesos-y-fiambres.jpg'),(11,'Lácteos','lacteos','img-banner-categoria-lacteos.jpg'),(12,'Congelados','congelados','img-banner-categoria-congelados.jpg'),(13,'Perfumería','perfumeria','img-banner-categoria-perfumeria.jpg'),(14,'Limpieza','limpieza','img-banner-categoria-limpieza.jpg'),(15,'Mascotas','mascotas','img-banner-categoria-mascotas.jpg');
/*!40000 ALTER TABLE `categories` ENABLE KEYS */;
UNLOCK TABLES;

--
-- Table structure for table `products`
--

DROP TABLE IF EXISTS `products`;
/*!40101 SET @saved_cs_client     = @@character_set_client */;
/*!40101 SET character_set_client = utf8 */;
CREATE TABLE `products` (
  `id` int(11) NOT NULL AUTO_INCREMENT,
  `name` varchar(100) NOT NULL,
  `mark` varchar(45) NOT NULL,
  `price` int(11) NOT NULL,
  `discount` int(11) DEFAULT 0,
  `stock` int(11) NOT NULL,
  `description` varchar(2500) NOT NULL,
  `image` varchar(100) NOT NULL,
  `created_at` timestamp NULL DEFAULT NULL,
  `updated_at` timestamp NULL DEFAULT NULL,
  `id_user` int(11) DEFAULT NULL,
  `id_subcategory` int(11) DEFAULT NULL,
  PRIMARY KEY (`id`),
  KEY `id_user_idx` (`id_user`),
  KEY `id_subcategorie_idx` (`id_subcategory`),
  CONSTRAINT `id_subcategorie` FOREIGN KEY (`id_subcategory`) REFERENCES `subcategories` (`id`) ON DELETE NO ACTION ON UPDATE NO ACTION,
  CONSTRAINT `id_user` FOREIGN KEY (`id_user`) REFERENCES `users` (`id`) ON DELETE NO ACTION ON UPDATE NO ACTION
) ENGINE=InnoDB AUTO_INCREMENT=142 DEFAULT CHARSET=utf8;
/*!40101 SET character_set_client = @saved_cs_client */;

--
-- Dumping data for table `products`
--

LOCK TABLES `products` WRITE;
/*!40000 ALTER TABLE `products` DISABLE KEYS */;
INSERT INTO `products` VALUES (22,'Celular Libre Samsung Galaxy Note20 Ultra 5G','Samsung',129000,15,6,'El Smartphone Samsung Galaxy Note 20 Ultra 5G, es la herramienta de productividad definitiva que te brinda el poder de hacer lo que quieras donde quieras. Trabajo, Entretenimiento, Creatividad, éste móvil está diseñado para hacerlo todo. Tiene una completa integración con Microsoft Office, por lo que puedes crear, cargar y descargar nuevos documentos en tu smartphone 5G sobre la marcha. Además, puedes tomar notas con el S Pen y convertirlas a Microsoft Word con un solo toque.Tres cámaras en la parte de atrás te permitirán tomar fotografías impresionantes y vídeos de 8K, y nuestro software de edición profesional te da las herramientas para expresar tu creatividad, además de que verás todos los detalles con la impresionante pantalla del Galaxy Note 20 Ultra y sus biseles minimalistas. ¿Qué mejor manera de disfrutar de la pantalla del móvil que jugando a tus juegos favoritos con una calidad increíble. La batería de larga duración y la carga rápida te permitirá jugar durante horas. Productivo, divertido, creativo y, sobre todo, potente: lo único que no podrá hacer con el Galaxy Note20 Ultra es comprometerte. Y con el 5G del smartphone Galaxy Note 20 Ultra, el futuro estará realmente en tus manos.','img-samsung-galaxy-note20-ultra-5g.jpg',NULL,NULL,NULL,2),(23,'Celular Libre Samsung Galaxy A80','Samsung',56000,5,8,'El Galaxy A80 cambia tu forma de documentar la vida. La cámara triple se desliza y gira para captar lo que está pasando por delante y por detrás. Ahora tenés una cámara que captura a ambos lados para captar todos tus momentos.El Galaxy A80 graba como una cámara de acción de nivel profesional, usando la cámara ultra wide y el software predictivo. Super Steady te brinda videos en vivo sin problemas, incluso cuando tu grabación es en movimiento.Una bateria que te mantien vivo. Para mantenerte en Live en un mundo siempre encendido, necesitás energía. Conectate, transmití y compartí con una batería de 3,700 mAh (típica) * y la tecnología de carga súper rápida de 25 watts. El Galaxy A80 aprende tus rutinas diarias y patrones de uso mientras optimiza la potencia al cerrar las aplicaciones no utilizadas.','img-samsung-galaxy-a80.jpg',NULL,NULL,NULL,2),(24,'Celular Libre Samsung Galaxy A70','Samsung',54000,0,2,'La amplia pantalla de 6.7 pulgadas del Galaxy A70 te acerca aún más a las cosas que amas haciéndolas cobrar vida en la pantalla FHD+ sAMOLED Infinity-U. Ya sea que estés mirando un streaming o tus programas favoritos, la amplia relación de aspecto 20:9 te da una experiencia visual de otro mundo.El Galaxy A70 tiene un aspecto minimalista gracias a sus sensores integrados y la huella digital en pantalla. Gracias a su diseño en 3D, es fácil de sostener camino al trabajo o a cenar. Elegí entre negro o blanco para que coincida con tu personalidad.La cámara triple del Galaxy A70 consiste en una cámara ultra gran angular con un campo de visión de 123º, cómo el ojo humano; una cámara de 32MP (F1.7) para fotografías brillantes y claras durante todo el día; y una cámara de 5MP para ajustar la profundidad de campo.El Galaxy A70 viene equipado con una batería de 4,500mAh (típica) * que puedas ver más videos durante más tiempo. La tecnología de carga súper rápida de 25W te brinda plena potencia para que esté listo para funcionar sin estar esperando. Ahora, podés cargar menos y hacer más.','img-samsung-galaxy-a70.jpg',NULL,NULL,NULL,2),(25,'Celular Libre Samsung Galaxy A30s','Samsung',52000,0,10,'Pantalla más amplia y brillante para hacer videos en vivo. Sumergite en la gran pantalla Infinity-V de 6.4 pulgadas del Galaxy A30s. La amplia relación de aspecto llena tu pantalla con contenido de borde a borde. Mirá tus videos favoritos, juegos y transmisiones en vivo en HD + Super AMOLED.El Galaxy A30s tiene un acabado prismático llamativo y diseño elegante. Con un agarre cómodo y curvas suaves, cabe en la mano para facilitar la navegación por la pantalla. El patrón holográfico se destaca con un acabado brillante que cambia dinámicamente y viene en Negro Prisma, Blanco y Violeta.Preparate para capturar los mejores momentos de tu vida con la cámara triple del Galaxy A30s. Retratá hasta los detalles más pequeños con la cámara principal de 25MP, increíbles paisajes con el lente Ultra Gran Angular 123° de 8MP. Además, podés difuminar el fondo para destacar tus primeros planos con el lente de Profundidad de 5MP.Con una batería de 4.000 mAh (típica) * que dura, podés aprovechar al máximo cada momento. Y no tenés que preocuparte por la carga: el Galaxy A30s tiene una carga rápida de 15 W para que puedas volver a hacer lo que hacías y no perderte de nada.','img-samsung-galaxy-a30s.jpg',NULL,NULL,NULL,2),(26,'Celular Libre Samsung Galaxy A20','Samsung',39000,0,12,'A lo grande en una pantalla grande. 6.4 pulgadas de pantalla HD+ SAMOLED para un teléfono que te encantará ver. Ya sea que te mires comedias o juegues MMORPG, la pantalla Infinity-V del Galaxy A20 cambia la forma en que los experimentas al ponerte en acción. Mirá hasta qué punto la experiencia te lleva en la pantalla v-cut. La cámara doble simple y fácil de usar te brinda fotos brillantes y claras con solo un toque. El dúo de cámara trasera Ultra Gran Angular de 13MP y 5MP 123 ° está hecho para la forma en que capturás, para que dejes que tu creatividad sea libre y se ajuste a medida que avanzás. Mantenete encendido por más tiempo. Hacés mucho en tu día a día, así que hacelo en un teléfono que dure. La batería del Galaxy A20, de 4.000 mAh (típica) * significa que está alimentado para compartir con amigos, ver transmisiones y simplemente vivir la vida. También hay una carga rápida para cuando necesites encenderla.','img-samsung-galaxy-a20.jpg',NULL,NULL,NULL,2),(27,'Celular Libre Moto G8 Power Lite','Motorola',37000,10,34,'Disfrutá de un panorama más amplio en la increíble pantalla Max Vision HD+ de 6,5\'\'. Alta performance 64 GB de almacenamiento y 4GB RAM. Almacená tus fotos, canciones y videos. Además, podés expandir con una tarjeta microSD de 256GB. Procesador de ocho núcleos de 2,3 GHz. El moto g8 power lite cuenta con una batería potente de 5000 mAh diseñada para durar hasta 2 días con una sola carga. Podés reproducir música durante horas. Además, la tranquilidad de contar con energía cuando más la necesitás. Además el cargador rápido de 10 W te da horas de energía en minutos. Sacá fotos más nítidas, increíbles primeros planos y bellos retratos gracias al sistema de cámara triple. La cámara Macro te permite acercarte a tu objetivo hasta 4 veces más que una cámara tradicional, para obtener un primer plano increíble. Gracias a la cámara PDAF de enfoque rápido de 16 MP, nunca te perderás un momento. Podés experimentar con la profundidad de campo y lograr bellos retratos.','img-moto-g8-power-lite.png',NULL,NULL,NULL,2),(28,'Celular Libre Moto E6 Play','Motorola',35000,0,11,'Acceso rápido y cómodo. Sensor de huella dactilar y facial. Almacenamiento integrado + tarjeta microSD. Con 32GB de almacenamiento interno, tendrás mucho espacio para tus fotos, canciones y películas. Además, podés expandirlo hasta 256 GB usando una tarjeta microSD.Pantalla Max Vision HD+ de 5,5\'\'. Con la cámara de enfoque rápido de 13 MP, no te perderás ni un momento. Además, mejorá las fotos agregando efectos de desenfoque y embellecimiento automáticos. Sacá fotos panorámicas magníficas en 360 grados. Quedarse sin energía no está bueno. Por eso, el moto e6 play cuenta con una batería de 3000 mAh. Trabajá o jugá todo lo que quieras sin preocuparte por tener que cargar el teléfono.','img-moto_e6_play.png',NULL,NULL,NULL,2),(29,'Celular Libre Motorola One Hyper','Motorola',135000,10,3,'Cámara de 64 MP con Night Vision. Sacá fotos increíbles gracias al sensor de ultra alta resolución, incluso de noche. Cámara selfie pop up de 32 MP con Night Vision. Capturá selfies nítidas y bien iluminadas, con la cámara que se eleva en menos de 1 segundo. Pantalla Total Vision Full HD+ de 6,5\'\'. Disfrutá tus películas en una pantalla que ocupa el 90% del frente del teléfono. Almacenamiento interno de 128 GB. Procesador Qualcomm® Snapdragon™ 675. 4.000mAh de batería y carga TurboPower™. Aprovechá 9 horas de energía en sólo 10 minutos de carga.','img-motorola-one-hyper.png',NULL,NULL,NULL,2),(30,'Celular Libre Xiaomi Redmi Note 9','Xiaomi',185000,14,23,'Apariencia: el teléfono inteligente Xiaomi Redmi Note 9 está hecho con una pantalla de goteo FHD + de 6.53\'\'. La parte posterior del teléfono está coloreada por un complejo proceso IMT, y después de 30 procesos complejos, se obtiene una transparencia de color aerodinámica curvada en 3D de 4 lados. El diseño, se siente cómodo.  Con la cámara de 48MP principal puede capturar todos sus momentos favoritos y la lente de gran angular, lente macro y profundidad de la lente de campo, asegurarse de que obtiene los mejores resultados independientemente de lo que la escena desea inmortalizar. Batería masiva de 5020 mAh, alimentación más duradera. Soportes 18W cableados carga rápida. Admite carga inversa con cable de 9W (Máx). Dual Nano SIM + Micro SD','img-xiaomi-redmi-note9',NULL,NULL,NULL,2),(31,'Celular Libre Apple iPhone 11','Apple',125000,0,4,'Pantalla Liquid Retina HD de 6,1 pulgadas con True Tone. Cámara dual de 12 Mpx (gran angular y ultra gran angular) con modo Retrato, modo Noche, ajustes automáticos, HDR Inteligente de última generación y vídeo 4K hasta 60 f/s con rango dinámico ampliado. Cámara frontal TrueDepth de 12 Mpx con modo Retrato, HDR Inteligente, grabación de vídeo en 4K hasta 60 f/s y vídeo a cámara lenta compatible con 1080p a 120 f/s. Face id para autenticarse de forma segura y usar applepay. Chip A13 Bionic con Neural Engine de 3.ª generación. Resistente al agua hasta 2 metros de profundidad durante un máximo de 30 minutos (IP68).','img-apple-iphone-11.jpg',NULL,NULL,NULL,2),(32,'Notebook Asus Chromebook 14\\\" HD Intel Celeron N3350 4GB RAM','Asus',259000,10,6,'Procesador Intel Celeron N3350 (2 nucleos, 2 MB Cache, 1.1 GHz hasta 2.4 GHz). Memoria RAM de 4 GB LPDDR4, 2400 MHz. EMMC de 32 GB. Trajeta grafica integrada Intel HD Graphics 500. Sistema operativo Chrome OS. El ASUS Chromebook C423/Z1400 es ultraportátil y ligero, y está equipado con procesadores Intel y hasta 10 horas de autonomía. Incluye una pantalla NanoEdge de 14\\\" - 35,56 cm y un diseño que maximiza la pantalla y reduce las dimensiones del equipo para una experiencia visual más inmersiva. Con soporte para las aplicaciones de la Google Play Store, rápido rendimiento, seguridad avanzada y convenientes funciones, es un equipo ideal para estudiantes y usuarios con un alto grado de movilidad.','img-notebook-asus-chromebook-Z1400CN-BV0306.jpg',NULL,NULL,NULL,1),(33,'Notebook msi GF75 17.3\\\" FullHD Intel i7 16GB RAM 1TB SSD','MSI',250000,25,11,'Procesador Intel i7-10750H (6 núcleos, 12 MB Cache, 2.6 GHz hasta 5 GHz). Memoria RAM de 16 GB DDR4, 2666 MHz. Disco SSD de 1 TB NVMe PCIe Gen3x4. Tarjeta gráfica Nvidia GeForce GTX 1660 Ti ,GDDR6 6 GB. Sin sistema operativo.','img-notebook-msi-gf75-thin-10srd-088es.jpg',NULL,NULL,NULL,1),(34,'Notebook HP 255 G7 15.6\\\" AMD A-Series 8GB RAM 256 GB SSD','HP',150000,10,3,'Con Windows 10 Pro y el fiable ordenador portátil HP 255 podrás trabajar con la máxima eficiencia. Los procesadores APU AMD, increíblemente potentes, son ideales para las empresas y para las personas que viajan a menudo.Aprovecha al máximo este ordenador de precio interesante, dotado de herramientas de colaboración fundamentales.El portátil en cuestión será utilizado inicialmente por nuestra empresa para instalar el sistema operativo Windows 10 Professional.','img-notebook-hp-255-g7.jpg',NULL,NULL,NULL,1),(35,'Notebook Asus Chromebook Flip Z3400FT-AJ0111 14\\\" FullHD Intel Core M3-8100Y 8GB RAM 64GB EMMC','Asus',168000,40,7,'Procesador Intel Core m3-8100Y (2 nucleos, 4 MB Cache, 1.1 GHz hasta 3.4 GHz). Memoria RAM de 8 GB LPDDR3, 2133 MHz. EMMC de 64 GB. Trajeta grafica integrada Intel UHD Graphics 615. Sistema operativo Chrome OS.','img-asus-chromebook-flip-z3400ft-aj0111.jpg',NULL,NULL,NULL,1),(36,'Computadora Primux Iox All in One 2701F 27\\\" FullHD Intel Celeron 2.7Ghz 4GB RAM 64GB','Primux',133000,30,9,'Ordenador all in one iox primux 2701f 4g64g(comp. 2.5\\\" hdd/sdd) w10s (incluye teclado y ratón). Pantalla 27\\\" full hd. 4gb de ram y 64gb de almacenamiento ampliable con ssd 2.5\\\".','img-computadora-primux-iox-all-in-one.jpg',NULL,NULL,NULL,1),(37,'Computadora Asus Gaming 24\\\" FullHD AMD Ryzen 5 2600 16GB RAM 1000GB HDD','Asus',178000,25,7,'Este pc de gaming le ofrece el verdadero gusto de jugar! Este pc tiene un procesador AMD Ryzen 5 2600 6 x 3400 MHz que hace volar vuestras aplicaciónes màs complejas. Memoria RAM 16GB DDR4 RAM PC2400 MHz le permitira abrir fácilmente y rapidamente los programas. Gracias al disco duro de 1TB SATA III usted puede instalar muchos juegos. La prestación gráfica es impresionante : esta tarjeta gráfica Nvidia Geforce GTX1650 con 4 GB de memoria GDDR5 no le decepcionara y consigue un resultado de juego excelente. Para presentar las calidades de este modelo favorecemos la torre diseño illuminada AeroCool Bolt Pro.Y para ofrerer el set gaming completo hemos anadido la pantalla 24\\\" pulgadas full HD LED además de teclado y ratón gaming. Sistema operativo: Windows 10 Home. Procesador: AMD Ryzen 5 2600 6 x 3400 MHz. Disco duro: 1000 GB SATA III. Teclado y Ratón Gaming.','img-computadora-gaming-asus-amd-ryzen5-2600.jpg',NULL,NULL,NULL,1),(38,'Impresora de tinta Multifunción HP DeskJet 3760 Azul Eléctrico','HP',55000,0,29,'Haz tu vida más fácil: esta impresora multifunción imprime y escanea desde el móvil o tablet - todo para facilitarte tus tareas del día a día. Nuestra app móvil para imprimir más potente: la gran valorada aplicación de impresión desde el móvil hp smart app te permite imprimir y escanear documentos con total facillidad. Compacta y conveniente: disfruta de la impresora multifunción más pequeña del mundo. colócala donde quieras a su diseño compacto. además, sus líneas estilizadas harán que no desentone en ningún lugar. Ahorra tiempo y dinero: con hp instant ink, tendrás siempre tinta original de hp para que imprimas cuanto necesites y que siempre esté disponible a un precio que te costará creer. Fácil de utilizar: imprime fácilmente y sin esfuerzos gracias a su sencillo panel de control. 8 ppm, 4800 x 1200 DPI, A4, Wifi, Escanea, Copia, 60 hojas, Modo silencioso','img-impresora-multifuncion-hp-deskjet-3760-azul-electrico.jpg',NULL,NULL,NULL,1),(39,'Impresora Multifunción 3 en 1 Epson XP-2100 Expression Premium','Epson',65000,0,89,'Impresora Multifunción Epson Expression Premium XP-2100 3 en 1 con Wi-Fi. No permitas que una impresora arruine tu decoración. El diseño de nuestras impresoras 3 en 1, elegantes y compactas, combinará perfectamente con la estética de tu hogar. Este modelo asequible aprovecha al máximo el espacio al combinar impresión, escaneado y copia en un solo equipo. Eficiente y económica: La serie de cartuchos de tinta 603 pone a tu disposición una solución de impresión fiable y de bajo coste. Con este juego de cartuchos de cuatro colores se puede imprimir una amplia variedad de documentos con texto y gráficos de gran definición. Cada color se suministra de forma individual, por lo que solo deberás reemplazar los colores que necesites.','img-impresora-multifuncion-epson-xp2100-expression-premium.jpg',NULL,NULL,NULL,1),(40,'Impresora Multifunción Brother MFCL2710DW láser monocromática c/fax e impresión dúplex','Brother',99000,10,4,'Impresión, copia, escaneado y fax rápidos y silenciosos con el multifuncional MFC-L2710DW. Incorpora prestaciones diseñadas para el ahorro de tiempo y dinero: alimentador automático de documentos, múltiples opciones de conectividad, alta velocidad e impresión automática a doble cara. Todo ello, con resultados de calidad profesional. Tóner de larga duración 3.000 páginas. Incluye tóner con capacidad para 700 páginas. ed cableada, WiFi, WiFi Direct y conexión móvil. Velocidad de impresión y copia hasta 30 ppm.','img-impresora-multifuncion-brother-laser-monocromatica-mfcl2710dw.jpg',NULL,NULL,NULL,1),(41,'Smart TV Samsung UHD 4K RU7300 49\\\"','Samsung',134500,35,18,'UHD 4K - HDR - One remote Control. Disfrutá de imágenes definidas y nítidas con el televisor 4K UHD que tiene 4 veces más píxeles que el televisor FHD. Ahora podés ver hasta los detalles más insignificantes de cada escena. Mejores niveles de color, nitidez y contraste.La atenuación UHD de Samsung divide y procesa la pantalla en pequeños bloques que te permiten captar detalles más precisos. El flujo natural de las curvas de la TV cautivarán tus sentidos visuales y elevarán la decoración interior a un nuevo nivel de sofisticación. Diseño delgado moderno y refinado, el diseño elegante rellena naturalmente los contornos de tu espacio con diseño refinado.','img-smart-tv-samsung-uhd-49\'\'-ru7300-un49ru7300gxzb.jpg',NULL,NULL,NULL,3),(42,'Smart TV  Samsung QLED 4K 55\\\" Q6FN','Samsung',176000,50,7,'Miles de millones de colores cobran vida. Más de mil millones de colores. Mirá tus películas y programas favoritos con nuestros colores más realistas, precisos y vibrantes. Mirá todos los detalles y colores de cada escena, como si fueras parte de la acción. Q6F te proporciona un volumen de color del 100%, lo que significa que maximiza la gama de colores precisos, ricos y detallados que podés ver en la TV en cualquier nivel de brillo. La espectacular calidad de imagen de los televisores QLED está impulsada por Q Engine. Esta analiza al instante cada escena que veas para proyectarla con una excelente calidad de color, contraste y detalles.Accedé a tus aplicaciones de la manera más rápida, fácil e inteligente. Un control remoto para controlarlo todo y un centro simple para controlar todos los dispositivos. Buscá menos y mirá más. Disfrutar de la televisión nunca ha sido tan fácil.','img-smart-tv-samsung-qled-4k-55\'\'-q6fn-qn55q6fnagxzd.jpg',NULL,NULL,NULL,3),(43,'Consola Sony PlayStation 4 (PS4) 500GB Fortnite','Sony',145000,5,567,'Playstation 4 Original 500gb Fortnite + 2 Mandos Dual Shock 4. El producto representa una consola de videojuegos Play Station con dos mandos DualShock 4. Cuenta con el procesador x86-64 AMD “Jaguar” de 8 núcleos y posteriormente realizó modificaciones para conseguir un rendimiento de primera. Además, la compacta carcasa de líneas marcadas, PS4 tiene un aspecto refinado con sus líneas angulares hasta sus paneles de contraste en acabado brillante y mate.','img-consola-sony-playstation4-500gb-fortnite.jpg',NULL,NULL,NULL,4),(44,'Consola Microsoft XBOX One S 1TB All Digital Edition, Fortnite, Sea of Thieves, Minecraft','Microsoft',155000,0,10,'Xbox One S All-Digital Edition: disfruta de juegos sin discos con tres grandes juegos digitales incluidos: Minecraft, Sea of Thieves y Fortnite. Crea una biblioteca de juegos digitales en la nube que viaja contigo; nunca pierdas, arañes o luches para encontrar un juego nuevo para jugar. Amplía tus opciones con Xbox Game Pass (la suscripción se vende por separado) descubre más de 100 juegos geniales, descarga títulos que siempre has querido jugar y vuelve a visitar tus juegos antiguos favoritos. Los datos guardados en la nube te permiten llevar tus juegos mientras viajas, continuando el juego en cualquier Xbox One cuando inicias sesión con tu cuenta de Microsoft. Preordena y preinstala los próximos juegos para que estén listos para jugar en el lanzamiento. Ya sea que estés jugando, viendo vídeos en 4K o transmitiendo tu juego en Mixer con solo tocar un botón, nunca ha habido una mejor manera de jugar con Xbox One. (Sea of Thieves requiere una suscripción a Xbox Live Gold, que se vende por separado).','img-consola-microsoft-xbox-one-1tb.jpg',NULL,NULL,NULL,4),(45,'Teclado Gaming Razer BlackWindow Elite','Razer',5999,0,56,'El teclado para juegos más completo con switches mecánicos Razer para disfrutar de una rápida respuesta, una durabilidad de hasta 80 millones de pulsaciones y más controles con un dial digital multifunción. Razer BlackWidow Elite es un teclado para juegos diseñado para ofrecer mejor rendimiento, y cuenta con switches mecánicos Razer para disfrutar de movimientos más rápidos y una vida útil de hasta 80 millones de pulsaciones. Cuenta con un dial digital multifunción que brinda controles multimedia, así como USB 2. 0 y audio pass-through que permite un cableado más fácil. Juega durante muchas horas cómodamente gracias al reposamuñecas ergonómico. Además, puedes personalizar la iluminación, las asignaciones y las macros de las teclas. Guarda hasta 5 configuraciones para usarlas en cualquier lugar con una memoria híbrida integrada y almacenamiento en la nube.','img-teclado-gaming-razer-blackwidow-elite.jpg',NULL,NULL,NULL,4),(46,'Lavarropa Samsung 9Kg Inverter con EcoBubble WW90J5410GS','Samsung',179000,25,34,'El motor Digital Inverter de Samsung, combinado con la exclusiva tecnología Ecobubble, permiten un ahorro del 65% en el consumo de energía, sin comprometer la calidad del lavado. Consumiendo menos energía, podes gastar menos en tus cuentas de electricidad. La tecnología Eco Bubble™ ofrece un lavado poderoso, incluso a bajas temperaturas*. El detergente es convertido en burbujas, que penetran más rápidamente en las telas y remueven las manchas fácilmente, mientras protegen las telas y ahorran energía. 65% ahorro energético. Eficiencia energética A++. Digital Inverter: eficiente, silencioso y durable. Ecobubble: resultados excelentes aún en agua fría.','lavarropas-samsung-inverter-9kg-con-ecoBubble-ww90j5410gsubg.jpg',NULL,NULL,NULL,5),(47,'Lavarropas Samsung 7Kg Inverter con EcoBubble WW70J4463GW','Samsung',156000,10,11,'El motor Digital Inverter de Samsung, combinado con la exclusiva tecnología Ecobubble, permiten un ahorro del 65% en el consumo de energía, sin comprometer la calidad del lavado. Consumiendo menos energía, podes gastar menos en tus cuentas de electricidad. La tecnología Eco Bubble™ ofrece un lavado poderoso, incluso a bajas temperaturas*. El detergente es convertido en burbujas, que penetran más rápidamente en las telas y remueven las manchas fácilmente, mientras protegen las telas y ahorran energía. 65% ahorro energético. Eficiencia energética A++. Digital Inverter: eficiente, silencioso y durable. Ecobubble: resultados excelentes aún en agua fría.','lavarropas-samsung-inverter-7kg-con-ecoBubble-ww70j4463gw-white.jpg',NULL,NULL,NULL,5),(48,'Heladera Samsung Freezer Superior Twin Cooling Plus 382L Silver RT38K5932BS/B3','Samsung',145000,0,7,'Solo Twin Cooling Plus crea un entorno favorable para preservar los alimentos frescos en la heladera con un 70% de humedad, comparada con el 30% de un las heladeras convencionales. De esta manera, mantiene los ingredientes frescos durante más tiempo sin secarlos. La tecnología Digital Inverter ajusta automáticamente la velocidad del compresor según la demanda de frío de acuerdo a 7 niveles. Utiliza menos energía, minimiza el ruido y reduce el desgaste lo que resulta en un rendimiento de mayor durabilidad. El sistema Twin Cooling Plus™ enfría los compartimientos de manera separada para evitar que los olores indeseados pasen de la heladera al freezer. Así, los alimentos congelados mantienen mejor su sabor original. 5 modos de conversión que se adaptan a vos. Ofrece lo último en almacenamiento flexible. Convertí fácilmente tu freezer en una heladera para mantener todos los alimentos frescos que necesites almacenar para diferentes temporadas u ocasiones especiales. O cambiá a modo apagado para ahorrar energía, según las especificaciones.','img-heladera-samsung-freezer-superior-twin-cooling-plus382l.jpg',NULL,NULL,NULL,6),(49,'Heladera Samsung Freezer Superior Twin Cooling Plus 320L White RT32K5070WW/B3','Samsung',125999,0,9,'Solo Twin Cooling Plus crea un entorno favorable para preservar los alimentos frescos en la heladera con un 70% de humedad, comparada con el 30% de un las heladeras convencionales. De esta manera, mantiene los ingredientes frescos durante más tiempo sin secarlos. La tecnología Digital Inverter ajusta automáticamente la velocidad del compresor según la demanda de frío de acuerdo a 7 niveles. Utiliza menos energía, minimiza el ruido y reduce el desgaste lo que resulta en un rendimiento de mayor durabilidad. El sistema Twin Cooling Plus™ enfría los compartimientos de manera separada para evitar que los olores indeseados pasen de la heladera al freezer. Así, los alimentos congelados mantienen mejor su sabor original. 5 modos de conversión que se adaptan a vos. Ofrece lo último en almacenamiento flexible. Convertí fácilmente tu freezer en una heladera para mantener todos los alimentos frescos que necesites almacenar para diferentes temporadas u ocasiones especiales. O cambiá a modo apagado para ahorrar energía, según las especificaciones.','img-heladera-freezer-superior-twin-cooling-plus-rt32k5070ww-b3-white.jpg',NULL,NULL,NULL,6),(50,'Cocina Whirlpool WFB57DI 56cm Blanco','Whirlpool',47999,0,4,'Diseño: La Whirlpool WFB57DI es una cocina de diseño clásico en color blanco que cuenta con cuatro hornallas; horno y cajón parrilla independiente. Dispone de 1 quemador grande; 2 medianos y uno pequeño. A su vez, su construcción hermética evita que se filtre suciedad o líquidos previniendo desgaste y brindando mayor seguridad. Sus rejillas son de fundición. Dimensiones: Sus medidas estándar de 85 cm de alto; 56 cm de ancho y 60 cm de profundidad hacen que se ajuste a cualquier tipo de cocina. Características especiales: La cocina WFB57DI dispone de un cómodo Timer que permite seleccionar el tiempo de cocción deseado. Por otra parte, el horno tiene una puerta doble vidriada y luz interna que permiten ver la cocción de los alimentos durante todo el proceso. En tanto, tiene encendido electrónico en horno y hornallas.','img-cocina-whirlpool-wfb57di-56cm-blanco.jpg',NULL,NULL,NULL,7),(51,'Anafe a gas Samsung NA3000H na64h3010as-bg Silver','Samsung',53999,10,10,'ncendido electrónico. Calor potente. Rejillas de diseño continuo. Protección contra pérdida de gas. Fuego intenso paa cocinar más rápido: 4 hornallas con gran potencia. Disfrutá de un calor extremo para una cocción intensa y rápida, alimentos listos mucho más rápido. Protección contra pérdida de gas: Si el fuego se apaga accidentalmente, el dispositivo de seguridad detectará el enfriamiento de las hornallas y cerrará automáticamente la válvula de gas para evitar la pérdida.','img-anafe-a-gas-samsung-na30000h-na64h3010as-bg-silver.jpg',NULL,NULL,NULL,7),(52,'Aire Acondicionado Split 3200W Frío/Calor AR12RSF','Samsung',90599,45,2,'El modo Fast Cooling enfría la habitación rápidamente al hacer funcionar el compresor al máximo nivel con la velocidad más rápida del ventilador durante 30 minutos. Por lo tanto, proporciona alivio al calor sofocante del exterior.El filtro de alta densidad completa del aire acondicionado bloquea el polvo y las bacterias que causan alergias. Elimina las partículas microscópicas de polvo y otras impurezas en el aire, para que pueda mantener el aire que respirás limpio y fresco','img-split-samsung-3200w-frio-calor-ar12rsf-ar12rsfqawknbg-frontwhite.jpg',NULL,NULL,NULL,8),(53,'Aire Acondicionado Split Frío/Calor LG Inverter 3025F 3517W S4-W12JA3AA','LG',79999,12,4,'El Split Frío Calor S4-W12JA3AA tiene 3025 frigorías y 3517 watts de potencia. Para elegir el equipo adecuado, hay que tener en cuenta los metros cuadrados de la habitación donde va a instalarse. Además, la orientación de la casa/depto; la cantidad de personas que usan la habitación; el número de ventanas y la cantidad aparatos eléctricos que hay. El equipo LG cuenta con eficiencia energética clase A. También, utiliza el refrigerante no tóxico y no contaminante R410A, que no contribuye al debilitamiento de la capa de ozono y tiene una mayor capacidad de refrigeración. Hasta 70% de ahorro energético con Dual Inverter Compressor. Y 40% de enfriamiento más rápido. Pruebas realizadas en laboratorios LG. Los resultados pueden variar dependiendo del modelo de Aire Acondicionado LG, las condiciones de operación y del medio ambiente donde se instale. Los porcentajes de ahorro de energía y enfriamiento rápido son resultado de pruebas realizadas en modelos de 24,000 BTU´s.El S4-W12JA3AA dispone de rápido enfriamiento, ya que cuenta con Dual Inverter Compressor que distribuye el aire de manera uniforme y enfría más rápido. A su vez, funciona con bajo nivel de ruido.','img-aire-acondicionado-split-frio-calor-lg-inverter-3025f.jpg',NULL,NULL,NULL,8),(54,'Termotanque a Gas Longvie 75 L CALORAGUA T3075CF Multigas','Longvie',31499,0,7,'Capacidad en Litros: 75 Lts. Forma de Calentamiento: Gas. Tipo de Conexión: Multigas. Encendido electrónico: sí. Modelo: CALORAGUA T3075CF','img-termotanque-a-gas-longvie-75lts-caloraguat3075cf-multigas.jpg',NULL,NULL,NULL,9),(55,'Aspiradora Samsung sin Bolsa, Anti-Tangle Basic, 2100W VC21K5130VB/BG','Samsung',21499,0,5,'La aspiradora Anti-Tangle cuenta con una turbina anti-enredos especialmente diseñada para prevenir que la suciedad, pelos y pelusas se atasquen provocando pérdidas de succión. Por lo tanto, no sólo mantiene un rendimiento óptimo en la limpieza, sino que también evitarás perder tiempo en quitar manualmente las pelusas. Cuenta con un potente motor y un innovador cepillo que se adhiere a los suelos, generando una propagación uniforme de la presión. Gracias a su potente poder de succión, puede aspirar pelos, polvo y pelusas en distintos tipos superficies, brindando siempre un óptimo rendimiento de limpieza.El exclusivo cepillo Anti-Tangle (anti-enredos), es el complemento perfecto para que la limpieza de tu hogar sea una tarea sencilla. Evitá que los pelos obstruyan el cepillo. Este cepillo está diseñado para que todas las partículas, como por ejemplo las pelusas, no se atoren en él y vayan directo al canasto colector. Disponible en el modelo VC21K5170HG/BG','img-aspiradora-samsung-sin-bolsa-anti-tangle-basic-2100w-vc21k5130vb-bg-frontblue.jpg',NULL,NULL,NULL,10),(56,'Aspiradora Samsung sin Bolsa, 2000W VC20CCNMA6B/BG','Samsung',11399,0,11,'Acabar con la suciedad, el pelo de las mascotas y también con las bolsas. Las aspiradoras con bolsas no atrapan el polvo como las aspiradoras sin. Incluso las bolsas pueden tener que ser reemplazadas antes de que siquiera esté medio llena. Eso no es eficiente ni económico. Con una aspiradora sin bolsa, podés dejar de buscar y gastar dinero en aspiradoras comunes. Después de todo, tu aspiradora debe ser la limpieza de tus pisos, no la limpieza de tu cartera.Una experiencia mejorada de poder de limpieza gracias al Samsung Cyclone Force System™. El aire ciclónico generado en el interior de la cámara acaba con caspa, residuos y partículas de polvo finas en la cámara exterior y lejos del filtro. Esto ayuda a prevenir la obstrucción y asegura la potencia de aspiración de larga duración para un hogar más limpio. Después de aspirar toda la casa, la última cosa que querés es derramar polvo en el suelo. Simplemente acercate al cesto de basura, girá la tapa, abrí el depósito y vaciá el contenido directamente a la basura. Sin trabajo extra, sin ensuciar. Hacé tu vida más fácil con un larguísimo cable de alimentación que le permite llegar a todos los rincones de la habitación.','img-aspiradora-samsung-sin-bolsa-2000w-vc20ccnma6b-bg.jpg',NULL,NULL,NULL,10),(57,'Plancha a Vapor Philips GC2994/20 2400W','Philips',6999,0,34,'La Philips GC2994/20 está diseñada con el peso óptimo para moverla fácilmente sobre cualquier prenda, lo que permite planchar con menos complicaciones y permite colocar fácilmente la plancha sobre la tabla. Trae incorporada la suela SteamGlide, para un mejor deslizamiento y resistente a los arañazos.La salida de vapor de 150 g elimina las arrugas más rebeldes de forma muy fácil. Vapor continuo de hasta 40 g/min para una buena eliminación de las arrugas. Vapor vertical para eliminar arrugas en prendas colgadas. Calc-Clean integrada para eliminar fácilmente el calcio o el sarro de tu plancha. El sistema antigoteo mantiene tus prendas impecables durante el planchado. Punta de precisión triple para una visibilidad y un control óptimos. Distribución uniforme del vapor para un planchado eficaz. El rociador humedece la tela de forma pareja.La plancha Philips GC2994/20 cuenta con una potencia de 2400 watts, mediante la cual se calienta rápidamente y ofrece un rendimiento potente que da resultados de planchado óptimos.','img-plancha-a-vapor-philips-gc2994-20-2400w.jpg',NULL,NULL,NULL,10),(58,'Batidora de Pie Moulinex 250W 3 Velocidades HM151158','Moulinex',6299,0,111,'La batidora de pie Moulinex HM151158 tiene un moderno diseño con botón eject, para retirar sus dos batidores metálicos y limpiar la batidora fácilmente. También podrás guardar los batidores en su espacio contenedor. Además, su bowl de 4 litros de capacidad te permite realizar múltiples creaciones. Tiene una potencia de 250 watts y un selector de 3 velocidades. También, cuenta con función pulsar.','img-batidora-moulinex-250w-hm151158.jpg',NULL,NULL,NULL,11),(59,'Licuadora de Pie Philips 600W 2Lts 3 Velocidades HR-2030-10','Philips',5499,5,345,'La licuadora de pie Philips HR-2030-10 tiene un moderno diseño con una jarra de plástico reforzado de 2 litros y tapa transparente para ver el proceso. Sus cuchillas dentadas de larga duración te van a permitir triturar y mezclar toda clase de alimentos. Por otro lado, es de muy fácil limpieza ya que, después de cada uso, sólo tendrás que llenar la licuadora con agua y detergente y presionar el botón Quick Clean. Además, su panel táctil no tiene ranuras.Su potente motor de 600 watts licua alimentos en segundos. Cuenta con 3 velocidades, además de un botón Turbo para los ingredientes más duros. Espátula integrada ideal para preparaciones más espesas.','img-licuadora-philips-600w-2lts-hr-2030-10.jpg',NULL,NULL,NULL,11),(60,'Pava Eléctrica Philips 1,2Lts HD-4691-40','Philips',4399,0,33,'Con una capacidad para 1,2 litros de agua, la pava eléctrica Philips HD469140 es ideal para cualquier cocina. Elegante y con cuidados detalles de diseño, viene con un mango ergonómico, soportes antideslizantes y una base plana de 360 grados. Su tapa con bisagra y abertura amplia permite llenar y limpiar fácilmente su interior. Por otro lado, su sólida estructura de plástico ABS y resistencia de acero inoxidable la hacen duradera. Té, mate o café, la pava eléctrica Philips HD469140 calienta el agua a la temperatura exacta que cada tipo de bebida necesita para conseguir su mejor sabor. Por otro lado, en caso de que haya muy poca agua en el hervidor, éste se apaga de forma automática para evitar una situación de peligro.','img-pava-electrica-philips-1.2lts-hd-4691-40.jpg',NULL,NULL,NULL,11),(61,'Aceite De Girasol Natura 1.5 L','Natura',159,0,122,'Contenido: 1.5L. Presentación: Botella de Plástico. Natura se destaca por su calidad y pureza, lo que se logra mediante una cuidadosa selección de las semillas del mejor girasol. Con doble refinación y más de cinco filtrados, que aseguran su pureza. Cuenta además con su propia planta de fraccionado y envasado, para asegurarse la calidad. Libre de colesterol como todo alimento de origen vegetal. Natura es claro, liviano con sabor suave, ideal para todo tipo de preparaciones. No contiene gluten (sin T.A.C.C.), por lo que es apto para celíacos.','img-aceite-de-girasol-natura-1.5lts.jpg',NULL,NULL,NULL,20),(62,'Aceite Cañuelas De Girasol - 1.5 L','Cañuelas',141,0,234,'Contenido: 1.5L. Presentación: Botella de Plástico. El Aceite Cañuelas de Girasol se obtiene de semillas cuidadosamente seleccionadas para llevar a tu mesa las comidas más deliciosas y saludables. Suave y liviano, su alto contenido de Vitamina E confiere sus reconocidas propiedades como antioxidante natural. La presentación en su exclusivo envase PET envase combina un diseño ergonométrico que asegura el agarre con un pico dosificador para evitar derrames y aprovechar el consumo. Molino Cañuelas, calidad e innovación.','img-aceite-de-girasol-cañuelas-1.5lts.jpg',NULL,NULL,NULL,20),(63,'Ketchup Hellmanns Doypack 250 Gr','Hellmanns',78,0,789,'Ketchup Hellmann\'s Doypack 250 GR. Al mundo entero le apasiona la comida, nos deslumbra, nos desafía y nos da curiosidad, tomamos fotos, compartimos nuestros platos, pero no podemos olvidarnos de la mejor parte, ¡El sabor!En Hellmann?s estamos a favor de la buena comida, el sabor es la razón por la cual Hellmann´s existe y para conseguir el mejor sabor seleccionamos ingredientes de la más alta calidad, como tomates 100% naturales. Creemos que los tomates más sabrosos provienen de las mejores cosechas, es por esto que estamos comprometidos en hacer nuestro ketchup con tomates plantados de forma sustentable. Esto nos garantiza la mejor calidad y protege las tierras para futuras generaciones. Nuestro Ketchup Hellmann\'s utiliza ingredientes de la más alta calidad, como tomates 100% sustentables para a ofrecer un sabor irresistible. Ketchup Hellmann?s transforma cualquier plato en uno mucho más rico, probalo en tus papas, sándwiches, fideos, hamburguesas, milanesas y mucho más. ¡Hellmann?s va con todo!Es irresistible y transforma cualquier plato que elijas en uno mucho más rico. Es libre de gluten - SIN TACC y tiene 0% grasas trans.','img-ketchup-hellmanns-250g',NULL,NULL,NULL,21),(64,'Mostaza Savora Original 500 Gr','Savora',160,0,44,'Mostaza Savora Original 250 Gr','img-mostaza-savora-original-500gr.jpg',NULL,NULL,NULL,21),(65,'Aderezo Mayonesa Natura 475 Gr','Natura',87,0,66,'Mayonesa Natura es el resultado de la combinación justa de ingredientes seleccionados, jugo de los mejores limones y aceite Natura puro de girasol. Por su sabor equilibrado y cremosa consistencia es el aderezo ideal para toda tu familia. No contiene gluten (sin T.A.C.C.), por lo que es apto para celíacos','img-mayonesa-natura-pouch-500gr.jpg',NULL,NULL,NULL,21),(66,'Arroz Gallo Oro Autointegrado 1 Kg','Gallo',99,0,54,'Arroz Gallo Oro Autointegrado 1 Kg','img-Arroz-Gallo-Oro-Autointegrado-1kg.jpg',NULL,NULL,NULL,22),(67,'Arvejas Arcor 300 Gr','Arcor',34,0,45,'Arvejas Arcor 300 Gr','img-Arvejas-Arcor-300gr.jpg',NULL,NULL,NULL,23),(68,'Atún Al Natural La Campagnola 120 Gr','La Campagnola',205,0,100,'Atún Al Natural La Campagnola 120 Gr','img-Atun-Al-Natural-La-Campagnola-120gr',NULL,NULL,NULL,23),(69,'Atún En Aceite La Campagnola 120 Gr','La Campagnola',205,0,56,'Atún En Aceite La Campagnola 120 Gr','img-Atun-En-Aceite-La-Campagnola-120gr.jpg',NULL,NULL,NULL,23),(70,'Azúcar Ledesma Molida Clasico 1 Kg','Ledesma',56,0,222,'Azúcar Ledesma Molida Clasico 1 Kg','img-Azucar-Ledesma-Molida-Clasica-Molida-1kg.jpg',NULL,NULL,NULL,24),(71,'Azúcar Chango 1 Kg.','Chango',58,0,567,'Azúcar Chango 1 Kg.','img-Azucar-Chango-1kg.jpg',NULL,NULL,NULL,24),(72,'Bizcochuelo Aguila Torta Húmeda Chocolate X 540 Gr','Aguila',148,0,345,'Bizcochuelo Aguila Torta Húmeda Chocolate X 540 Gr','img-Bizcochuelo-Aguila-Torta-Humeda-Chocolate-X-540gr.jpg',NULL,NULL,NULL,24),(73,'Chocolate Kinder 100 Gr','Kinder',195,0,33,'Chocolate Kinder 100 Gr','img-Chocolate-Kinder-100gr.jpg',NULL,NULL,NULL,25),(74,'Chocolate Amargo Nestlé Classic 90 Gr','Nestlé',167,0,234,'Chocolate Amargo Nestlé CLASSIC x 90 Gr. NESTLE CLASSIC DARK te ofrece una tentadora tableta de chocolate amargo para compartir con amigos y familiares o para darte un gusto.','img-Chocolate-Amargo-Nestle-Classic-X-90gr.jpg',NULL,NULL,NULL,25),(75,'Harina Pureza Integral 100% 1 Kg','Pureza',88,0,56,'Harina Pureza Integral 100% 1 Kg','img-Harina-Pureza-Integral-1kg.jpg',NULL,NULL,NULL,26),(76,'Harina Blancaflor Leudante 1 Kg','Blancaflor',79,0,89,'Harina Blancaflor Leudante 1 Kg','img-Harina-Blancaflor-Leudante-1kg.jpg',NULL,NULL,NULL,26),(77,'Crema Para Batir La Serenisima 330 Cc','La Serenisima',144,0,23,'Elaborada a partir de crema pasteurizada proveniente de leche La Serenísima. Ofrece el punto justo de cremosidad, ideal para batir.','Crema-Para-Batir-La-Serenisima-330-Cm3-1-668265.jpg',NULL,NULL,NULL,53),(78,'Crema Para Batir La Serenisima 520 Cc','La Serenisima',194,0,97,'Ofrece el punto justo de cremosidad, ideal para batir. Es una crema UAT, libre de gluten, con un contenido graso mínimo del 36%.','Crema-Para-Batir-La-Serenisima-520-Cm3-1-474394.jpg',NULL,NULL,NULL,53),(79,'Dulce De Leche Colonial La Serenisima 400 Gr','La Serenisima',109,0,567,'Con una mayor proporción de leche y menos azúcar que el Dulce de Leche Clásico La Serenísima, es un producto de cuerpo firme y sabor intenso, acaramelado y cremoso. Es un producto Fuente de Calcio. Libre de gluten.','Dulce-De-Leche-Colonial-La-Serenisima-400-Gr-1-28387.jpg',NULL,NULL,NULL,54),(80,'Dulce De Leche Repostero La Serenisima 400 Gr','La Serenisima',118,0,118,'Elaborado con la receta tradicional del dulce de leche repostero, posee una consistencia firme, untuosa y sostenida, con aspecto mate y poco brillo. Es un producto Fuente de Calcio. Libre de gluten.','Dulce-De-Leche-Repostero-La-Serenisima-400-Gr-1-35524.jpg',NULL,NULL,NULL,54),(81,'Dulce De Leche Sancor Tradicional 400 Gr','Sancor',99,0,238,'Dulce De Leche Sancor Tradicional 400 Gr','Dulce-De-Leche-Sancor-Dulce-De-Leche-Sancor-clasico-pot-gr-400-1-12552.jpg',NULL,NULL,NULL,54),(82,'Leche Entera Clasica La Serenisima Sachet 1 L','La Serenisima',55,0,456,'La leche es un alimento muy completo por la cantidad y variedad de nutrientes que contiene. Su consumo diario mejora la calidad de la dieta en su totalidad. Aporta proteínas completas, hidratos de carbono, grasas, vitaminas A, D. Es por eso que el control y gestión de la calidad, desde la materia prima hasta el producto final, es el principal valor de La Serenisima.','Leche-Entera-Clasica-La-Serenisima-Sachet-1-L-1-237861.jpg',NULL,NULL,NULL,55),(83,'Manteca La Serenisima 100 Gr','La Serenisima',77,0,78,'Manteca La Serenisima 100 Gr','Manteca-La-Serenisima-100-Gr-1-6158.jpg',NULL,NULL,NULL,56),(84,'Manteca Tonadita 200 Gr','Tonadita',112,0,20,'Manteca Tonadita 200 Gr','Manteca-Tonadita-X-200-Gr-Manteca-Tonadita-200-Gr-1-1148.jpg',NULL,NULL,NULL,56),(85,'Yogur Ser Calci Vainilla 120g','Ser',53,0,4,'Yogur Ser Calci Vainilla 120g','Yog-Ser-Calci-Vain-120g-1-838419.jpg',NULL,NULL,NULL,57),(86,'Yogur Yogurisimo Firme Vainilla 120 Gr','La Serenisima',41,0,9,'Yogur Yogurisimo Firme Vainilla 120 Gr','Yogur-Yogurisimo-Firme-Vainilla-120-Gr-1-850904.jpg',NULL,NULL,NULL,57),(87,'Queso Cremon Cremoso La Serenisima Unidad Aprox 500 Gr','La Serenisima',379,0,5,'Queso Cremon Cremoso La Serenisima Unidad Aprox 500 Gr','Queso-Cremon-Cremoso-La-Serenisima-Unidad-Aprox-500-Gr-1-20976.jpg',NULL,NULL,NULL,48),(88,'Jamón Cocido Paladini Feteado 200 Gr','Paladini',163,0,11,'Jamón Cocido Paladini Feteado 200 Gr','Jamon-Cocido-Paladini-Feteado-Jamon-Cocido-Paladini-Feteadp-200-Gr-1-12533.jpg',NULL,NULL,NULL,49),(89,'Dulce De Membrillo Esnaola 500 Gr','Esnaola',69,0,22,'Dulce De Membrillo Esnaola 500 Gr','Dulce-De-Membrillo-Esnaola-Dulce-De-Membrillo-Esnaola-500-Gr-1-11045.jpg',NULL,NULL,NULL,51),(90,'Dulce De Batata Arcor Con Chocolate 500 Gr','Arcor',128,0,50,'Dulce De Batata Arcor Con Chocolate 500 Gr','Dulce-De-Batata-Arcor-Con-Chocolate-500-Gr-1-11010.jpg',NULL,NULL,NULL,51),(91,'Salchichas Vienissima De Viena 450 Gr 12 U','Vienissima',187,0,5,'Salchichas Vienissima De Viena 450 Gr 12 U','Salchichas-Vienissima-De-Viena-450-Gr-1-15.jpg',NULL,NULL,NULL,52),(92,'Salchichas Swift Kids 6 U 190 Gr','Swift',69,0,56,'Salchichas Swift Kids 6 U 190 Gr','Salchichas-Swift-Kids-X-190g-1-843915.jpg',NULL,NULL,NULL,52),(93,'Agua Mineral De Manantial Eco De Los Andes Con Gas 1.5','Eco de los Andes',68,0,456,'Glaciar es el agua baja en sodio recomendada por la Sociedad Argentina de Cardiología, con sólo 7 miligramos por litro. Elegí una vida más baja en sodio, elegí Glaciar.','Agua-Mineral-De-Manantial-Eco-De-Los-Andes-Con-Gas-15-L-1-239793.jpg',NULL,NULL,NULL,29),(94,'Agua Baja En Sodio Glaciar Con Gas 1.5 L','Glaciar',70,0,111,'Glaciar es el agua baja en sodio recomendada por la Sociedad Argentina de Cardiología, con sólo 7 miligramos por litro. Elegí una vida más baja en sodio, elegí Glaciar.','Agua-Baja-En-Sodio-Glaciar-Con-Gas-15-L-1-240110.jpg',NULL,NULL,NULL,29),(95,'Aperitivo Smirnoff Bitter Citric 700 Ml','Smirnoff',435,0,44,'Aperitivo Smirnoff Bitter Citric','Aperitivo-Smirnoff-Bitter-Citric-700-Ml-1-464737.jpg',NULL,NULL,NULL,30),(96,'Fernet Branca 750 Ml','Branca',467,0,67,'Fernet Branca es el único fernet que con su sabia combinación de hierbas, cortezas, raíces y frutos macerados en alcohol comformó una fórmula única e incofundible hace más de un centenar de años.','Fernet-Branca-750-Ml-1-238506.jpg',NULL,NULL,NULL,30),(97,'Aperitivo Gancia 950 Ml','Gancia',296,25,88,'Es un aperitivo que se caracteriza por la presencia de sabores herbáceos y cítricos que se combinan con los del vino blanco y el alcohol. El sabor amargo de las hierbas se mezcla con el dulzor del azúcar logrando una bebida amable, agradable de beber, equilibrada y de gran personalidad.','Aperitivo-Gancia-950-Ml-1-237510.jpg',NULL,NULL,NULL,30),(98,'Aperitivo Campari 750 Ml','Campari',430,10,56,'Aperitivo Campari 750 Ml','Aperitivo-Campari-750-Ml-1-236646.jpg',NULL,NULL,NULL,30),(99,'Vodka Smirnoff 700 Ml','Smirnoff',401,0,7,'Smirnoff es la marca de bebidas espirituosas más grande del mundo. Su calidad y pureza son extraordinarias. Smirnoff está triplemente destilado y filtrado 10 veces sobre carbón vegetal por un lapso de 8 horas. Este vodka fue creado especialmente para que se destaque por su pureza y por su facilidad de mezclado con otras bebidas.','Vodka-Smirnoff-700-Ml-1-30335.jpg',NULL,NULL,NULL,31),(100,'Champaña Chandon Extra Brut 750 Cc','Chandón',488,5,78,'Chandon Extra Brut es fresco con finas burbujas y aromas a frutos cítricos que definen su elegancia y equilibrio.','Champa-a-Chandon-Extra-Brut-750-Cc-1-236651.jpg',NULL,NULL,NULL,32),(101,'Cerveza Rubia Corona 330 Ml Porrón Descartable','Corona',92,0,55,'Corona es una cerveza premium, clásica y auténtica, reconocida mundialmente por su alta calidad, su sabor distintivo e imagen.','Cerveza-Rubia-Corona-330-Ml-Porron-Descartable-1-23252.jpg',NULL,NULL,NULL,33),(102,'Cerveza Stella Noire 473cc Six Pack','Stella Artois',410,0,110,'Cerveza Stella Noire Six Pack.','Cerveza-Stella-Noire-473cc-Six-Pack-1-851373.jpg',NULL,NULL,NULL,33),(103,'Energizante Red Bull 250 Ml Lata','Red Bull',87,0,100,'Inspirado por las bebidas funcionales del Extremo Oriente, Dietrich Mateschitz fundó Red Bull a mediados de los años 80 con la creación de la fórmula de Red Bull Energy Drink y el desarrollo de la estrategia de marketing (instead of márketing) única de Red Bull.','Energizante-Red-Bull-250-Ml-Lata-1-25084.jpg',NULL,NULL,NULL,34),(104,'Gaseosa Cola Pepsi Black 1.5 L','Pepsi',104,0,555,'Pepsi vive el día a día disfrutando de los momentos compartidos con sus amigos, celebrando cada minuto de la vida al máximo. Es una gaseosa cola divertida con un sabor dulce y tentador que logra refrescar a sus consumidores.','Gaseosa-Cola-Pepsi-Black-15-L-1-237512.jpg',NULL,NULL,NULL,35),(105,'7up es la marca insignia y pionera del segmento lima limón.','7 UP',122,0,12,'7up es la marca insignia y pionera del segmento lima limón.','7up-Lima-Limon-Sin-Azucar-15-L-1-304213.jpg',NULL,NULL,NULL,35),(106,'Cepita Naranja Tetrapack 1 L','Cepita',66,0,77,'Cepita Naranja Tetrapack 1 L','Cepita-Naranja-Tetrapack-1-L-1-237373.jpg',NULL,NULL,NULL,36),(107,'Licor Baileys 750 Ml','Baileys',1257,10,44,'Baileys Original es un licor de crema irlandesa, la base del licor es un blend de whisky irlandés cuya receta es secreta. Su sabor característico es el resultado de la combinación de ingredientes como el chocolate, vainilla, caramelo, azúcar y canela, que hacen que esta bebida potencie los sabores en el paladar. El trago insignia es: HIELO + 50 ML BAILEYS','Licor-Baileys-750-Ml-1-6359.jpg',NULL,NULL,NULL,37),(108,'Licor Bols Chocolate 700 Ml','Bols',258,0,6,'Licor Bols Chocolate 700 Ml','Licor-Bols-Chocolate-Premium-Licor-Bols-Chocolate-Premium-bot-cc-700-1-7812.jpg',NULL,NULL,NULL,37),(109,'Vino Tinto Malbec Callia Hoy 750 Ml','Callia',189,0,54,'Los viñedos se encuentran en el departamento de Caucete a 650 metros sobre el nivel del mar. El suelo es de origen aluvional con texturas que van de franco arenosos a franco arcillosos y con un bajo contenido de materia orgánica. El sistema de riego es por goteo La conducción del viñedo se realiza en espaldero.','Vino-Tinto-Callia-Malbec-Malbec-750-Ml-1-12209.jpg',NULL,NULL,NULL,38),(110,'Vino Tinto Alma Mora Malbec 750 Cc','Alma Mora',265,0,33,'Alma Mora, la línea más emblemática de Finca Las Moras invita a explorar diferentes varietales de aromas frutados y buen cuerpo. Ideal para compartir con la pareja.','Vino-Tinto-Alma-Mora-Malbec-750-Cc-1-14750.jpg',NULL,NULL,NULL,38),(111,'Leche Fluida Nido 3 200 Ml','Nido',36,0,66,'Nido Leche Infantil Primer Infancia con Prebio1 - Niños de 1 a 3 años. ¡Listo para tomar! Nido3 contiene Prebio 1, una combinación exclusiva de Prebióticos naturales que ayudan a mantener un sistema digestivo saludable, reduciendo los efectos negativos de ciertas bacterias alojadas en el intestino','Leche-Nido-3 - Rtd - X-200ml-1-663882.jpg',NULL,NULL,NULL,12),(112,'Leche Uat Nutrilón Premium 200 Ml','Nutrilón',85,0,45,'Fórmula láctea, UAT, de inicio con hierro, para lactantes. Libre de gluten. Sin T.A.C.C.','Leche-Uat-Nutrilon-Premium-200-Ml-1-248409.jpg',NULL,NULL,NULL,12),(113,'Toallitas Huggies One & Done Suave 48 U','Huggies',304,10,50,'Con Huggies extendemos el abrazo protector de los padres a los bebés, con productos especialmente pensados para su cuidado y protección en sus diferentes etapas. Ofrecemos diferentes presentaciones de pañales, trajes de baño descartables y toallitas húmedas.','Toallitas-Huggies-One - -Done-Suave-48-U-1-688604.jpg',NULL,NULL,NULL,13),(114,'Oleo Calcáreo Baby 500 Ml','Estrella Baby',295,0,43,'Oleo Calcáreo Baby 500 Ml','Oleo-Calcareo-Estrella-Baby-Oleo-Calcareo-Baby-500-Ml-1-18235.jpg',NULL,NULL,NULL,13),(115,'Shampoo Dove Baby 200 Ml','Dove',167,0,10,'Además de reponer la hidratación y los nutrientes esenciales del cuero cabelludo, limpia suavemente el pelo de tu bebé, dejándolo suave y con aroma delicioso. ¿Sabías que el cuero cabelludo es una de las zonas más sensibles de la piel de tu bebé?','Shampoo-Dove-Baby-Shampoo-Dove-Baby-200-Ml-1-35875.jpg',NULL,NULL,NULL,13),(116,'Pañales Huggies Active Sec Xg 18 U','Huggies',444,0,234,'Pañales Huggies Active Sec Xg 18 U','Pa-ales-Huggies-Active-Sec-Xg-18-U-1-46130.jpg',NULL,NULL,NULL,14),(117,'Pañales Pampers Confort Sec Xg 36 U','Pampers',1234,0,45,'Conoce los nuevos Pampers confort sec! Con revolucionarios extra sec pods, mantienen a tu bebé hasta dos veces más sequito evitando que el pañal cuelgue y el pipí desaparece! Hasta 2 veces más seco, sin colgar.','Pañales-Pampers-Confort-Sec-Xg-36-U-1-8513.jpg',NULL,NULL,NULL,14),(118,'Mug Con Sorbete Fijo','Days',205,0,10,'Mug Con Sorbete Fijo','Mug-Con-Sorbete-Fijo-1-515484.jpg',NULL,NULL,NULL,15),(119,'Lavandina Odex 1L','Odex',50,0,333,'Lavandina Odex 1L','limpieza-lavandina-odex.jpg',NULL,NULL,NULL,68),(120,'Lavandina Ayudín 1L','Ayudín',71,0,547,'Lavandina Ayudin 1L','limpieza-lavandina-ayudin.jpg',NULL,NULL,NULL,68),(121,'Comida para Gatos Whiskas','Whiskas',678,0,33,'Comida para Gatos Whiskas','cat-whiskas.jpg',NULL,NULL,NULL,73),(122,'Comida para Gatos Cat-chow','Cat-chow',345,0,11,'Comida para Gatos Cat-chow','cat-chow.jpg',NULL,NULL,NULL,73),(123,'Comida para Perros Dog-chow','Dog-chow',1200,0,9,'Comida para Perros Dog-chow','dog-chow.jpg',NULL,NULL,NULL,74),(124,'Comida para Perros Pedigree','Pedigree',999,0,7,'Comida para Perros Pedigree','pedigree-cachorro-1.5k.jpg',NULL,NULL,NULL,74),(125,'Acondicionador Dove','Dove',234,0,33,'Acondicionador Dove','acondicionador-dove.jpg',NULL,NULL,NULL,61),(126,'Banana Ecuador por 1 Kg','',134,0,345,'Banana Ecuador por 1 Kg','Banana-Ecuador-Por-Kg-1-10885.png',NULL,NULL,NULL,39),(127,'Kiwi Elegido por 1 Kg','',340,0,55,'Kiwi Elegido por 1 Kg','Kiwi-Elegido-Por-Kg-1-10887.png',NULL,NULL,NULL,39),(128,'Limón por 1 Kg','',79,0,79,'Limón por 1 Kg','Limon-Limon-Por-Kg-1-16442.jpg',NULL,NULL,NULL,39),(129,'Mango por Unid','',120,0,345,'Mango por Unid','Mango-Por-Unidad-1-2257.png',NULL,NULL,NULL,39),(130,'Berenjena Negra por Kg','',70,0,78,'Berenjena Negra por Kg','Berenjena-Negra-Por-Kg-1-150344.png',NULL,NULL,NULL,41),(131,'Cebolla por Kg','',99,0,55,'Cebolla por Kg','Cebolla-Superior-Por-Kg-1-236642.png',NULL,NULL,NULL,41),(132,'Semillas de Girasol Pelados 250g.','',89,0,34,'Semillas de Girasol Pelados 250g.','Semillas-De-Girasol-Pelada-250-Gr-1-18773.png',NULL,NULL,NULL,40),(133,'Asado de Novillo por 1Kg','',349,0,235,'Asado de Novillo por 1Kg','Asado-De-Novillito-Por-Kg-1-248747.png',NULL,NULL,NULL,42),(134,'Matambre de Ternera por 1Kg','',579,0,45,'Matambre de Ternera por 1Kg','Matambre-De-Ternera-Por-Kg-1-248169.png',NULL,NULL,NULL,42),(135,'Chorizo de Cerdo La Divisa por 1Kg','La Divisa',559,0,54,'Chorizo de Cerdo La Divisa por 1Kg','Chorizo-Puro-Cerdo-La-Divisa-1-Kg-1-20016.png',NULL,NULL,NULL,44),(136,'Patamuslo de Pollo Granja Tres Arroyos por 1Kg','Granja Tres Arroyos',599,0,567,'Patamuslo de Pollo Granja Tres Arroyos por 1Kg','Patamuslos-De-Pollo-Gta - atm - X-Kg-Patamuslos-De-Pollo-Gta - atm - X-Kg-granja-3-Arroyos-pck-kg-1-',NULL,NULL,NULL,45),(137,'Filet de Salmon Fresco Por kg','',455,0,33,'Filet de Salmon Fresco Por kg','image1599426749521.jpg',NULL,NULL,NULL,47),(138,'Carpeta Escolar LOL','LOL',229,0,5,'Carpeta Escolar LOL','Carpeta-Escolar-3-Lol-1-838255.jpg',NULL,NULL,NULL,16),(139,'Mochila Marvel Avengers','',1259,0,9,'Mochila Marvel Avengers','mochila-marvel-avengers12-1699.jpg',NULL,NULL,NULL,19),(140,'Patamuslo De Pollo Granja 3 Arroyos Por Kg','Granja Tres Arroyos',312,0,16,'Patamuslo De Pollo Granja 3 Arroyos Por Kg','image1602546063463.jpg','2020-10-12 23:41:03','2020-10-13 02:25:40',1,45),(141,'Papa Cepillada por Kg','',40,0,789,'Papa Cepillada por Kg','image1602556481848.jpg','2020-10-13 02:34:41','2020-10-13 02:34:41',1,41);
/*!40000 ALTER TABLE `products` ENABLE KEYS */;
UNLOCK TABLES;

--
-- Table structure for table `subcategories`
--

DROP TABLE IF EXISTS `subcategories`;
/*!40101 SET @saved_cs_client     = @@character_set_client */;
/*!40101 SET character_set_client = utf8 */;
CREATE TABLE `subcategories` (
  `id` int(11) NOT NULL AUTO_INCREMENT,
  `title` varchar(45) NOT NULL,
  `name_path` varchar(45) NOT NULL,
  `image` varchar(100) NOT NULL,
  `id_category` int(11) DEFAULT NULL,
  PRIMARY KEY (`id`),
  KEY `id_categorie_idx` (`id_category`),
  CONSTRAINT `categorie_id` FOREIGN KEY (`id_category`) REFERENCES `categories` (`id`) ON DELETE NO ACTION ON UPDATE NO ACTION
) ENGINE=InnoDB AUTO_INCREMENT=76 DEFAULT CHARSET=utf8;
/*!40101 SET character_set_client = @saved_cs_client */;

--
-- Dumping data for table `subcategories`
--

LOCK TABLES `subcategories` WRITE;
/*!40000 ALTER TABLE `subcategories` DISABLE KEYS */;
INSERT INTO `subcategories` VALUES (1,'Notebooks y PC','notebooks-y-pc','img-categoria-tecnologia-notebooks-y-pc.jpg',1),(2,'Celulares y Tablets','celulares-y-tablets','img-categoria-tecnologia-celulares-y-tablets.jpg',1),(3,'Smart TV  Audio y Video','smart-tv-audio-y-video','img-categoria-tecnologia-smart-tv-audio-y-video.jpg',1),(4,'Gaming','gaming','img-categoria-tecnologia-gaming.jpg',1),(5,'Lavado','lavado','img-categoria-electrodomestico-lavado.jpg',2),(6,'Heladeras Freezers y Canvas','heladeras-freezers-y-canvas','img-categoria-electromesticos-heladeras-freezer-y-canvas.jpg',2),(7,'Cocinas y Hornos','cocinas-y-hornos','img-categoria-electrodomesticos-cocinas-y-hornos.jpg',2),(8,'Climatización','climatizacion','img-categoria-electrodomesticos-climatizacion.jpg',2),(9,'Termotanques y Calefones','termotanques-y-calefones','img-categoria-electrodomesticos-termotanques-y-calefones.jpg',2),(10,'Pequeños de hogar','pequeños-de-hogar','img-categoria-electrodomesticos-pequenos-de-hogar.jpg',2),(11,'Pequeños de Cocina','pequeños-de-cocina','img-categoria-electrodomesticos-pequenos-de-cocina.jpg',2),(12,'Alimentación','alimentacion','img-categoria-bebes-y-ninos-alimentacion.jpg',3),(13,'Cuidado del Bebé','cuidados-del-bebe','img-categoria-bebes-y-ninos-cuidado-del-bebe.jpg',3),(14,'Pañales','panales','img-categoria-bebes-y-ninos-panales.jpg',3),(15,'Mamaderas Chupetes Y Baberos','mamaderas-chupetes-y-baberos','img-categoria-bebes-y-ninos-mamaderas-chupetes-y-baberos.jpg',3),(16,'Carpetas','carpetas','img-categoria-libreria-carpetas.jpg',4),(17,'Escrituras','escrituras','img-categoria-libreria-escritura.jpg',4),(18,'Cuadernos y Repuestos','cuadernos-y-repuestos','img-categoria-libreria-cuadernos-y-repuestos.jpg',4),(19,'Mochilas y Cartucheras','mochilas-y-cartucheras','img-categoria-libreria-mochilas-y-cartucheras.jpg',4),(20,'Aceites y Vinagres','aceites-y-vinagres','img-categoria-almacen-aceites-y-vinagres.jpg',5),(21,'Aderezos','aderezos','img-categoria-almacen-aderezos.jpg',5),(22,'Arroz y Legumbres','arroz-y-legumbres','img-categoria-almacen-arroz-y-legumbres.jpg',5),(23,'Conservas','conservas','img-categoria-almacen-conservas.jpg',5),(24,'Desayuno y Merienda','desayuno-y-merienda','img-categoria-almacen-desayuno-y-merienda.jpg',5),(25,'Golosinas y Chocolates','golosinas-y-chocolates','img-categoria-almacen-chocolates-y-golosinas.jpg',5),(26,'Harinas','harinas','img-categoria-almacen-harinas.jpg',5),(27,'Pastas Secas y Salsas','pastas-secas-y-salsas','img-categoria-almacen-pastas-secas-y-salsas.jpg',5),(28,'Sal y Condimentos','sal-y-condimentos','img-categoria-almacen-sal-y-condimentos.jpg',5),(29,'Aguas','aguas','img-categoria-bebidas-aguas.jpg',6),(30,'Aperitivos','aperitivos','img-categoria-bebidas-aguas.jpg',6),(31,'Bebidas Blancas','bebidas-blancas','img-categoria-bebidas-bebidas-blancas.jpg',6),(32,'Champagnes','champagnes','img-categoria-bebidas-champagnes.jpg',6),(33,'Cervezas','cerveza','img-categoria-bebidas-cervezas.jpg',6),(34,'Energizantes','energizantes','img-categoria-bebidas-cervezas.jpg',6),(35,'Gaseosas','gaseosas','img-categoria-bebidas-gaseosas.jpg',6),(36,'Jugos','jugos','img-categoria-bebidas-jugos.jpg',6),(37,'Licores','licores','img-categoria-bebidas-licores.jpg',6),(38,'Vinos','vinos','img-categoria-bebidas-vinos.jpg',6),(39,'Frutas','frutas','img-categoria-frutas-y-verduras-frutas.jpg',7),(40,'Legumbres Granos y Semillas','legumbres-granos-y-semillas','img-categoria-frutas-y-verduras-legumbres-granos-y-semillas.jpg',7),(41,'Verduras','verduras','img-categoria-frutas-y-verduras-verduras.jpg',7),(42,'Carne Vacuna','carne-vacuna','img-categoria-carnes-carne-vacuna.jpg',8),(43,'Carne de Cerdo','carne-de-cerdo','img-categoria-carnes-carne-de-cerdo.jpg',8),(44,'Embutidos','embutidos','img-categoria-carnes-embutidos.jpg',8),(45,'Pollos','pollos','img-categoria-carnes-pollos.jpg',8),(46,'Mariscos','mariscos','img-categoria-pescados-y-mariscos-mariscos.jpg',9),(47,'Pescados','pescados','img-categoria-pescados-y-mariscos-pescados.jpg',9),(48,'Quesos','quesos','img-categoria-quesos-y-fiambres-quesos.jpg',10),(49,'Fiambres','fiambres','img-categoria-quesos-y-fiambres-fiambres.png',10),(50,'Picadas','picadas','img-categoria-quesos-y-fiambres-fiambres.png',10),(51,'Dulces','dulces','img-categoria-quesos-y-fiambres-dulces.jpg',10),(52,'Salchichas','salchichas','img-categoria-quesos-y-fiambres-salchichas.jpg',10),(53,'Cremas','cremas','img-categoria-lacteos-cremas.jpg',11),(54,'Dulce de Leche','dulce-de-leche','img-categoria-lacteos-dulce-de-leche.jpg',11),(55,'Leches','leches','img-categoria-lacteos-leches.jpg',11),(56,'Mantecas','mantecas','img-categoria-lacteos-mantecas.jpg',11),(57,'Yogures','yogures','img-categoria-lacteos-yogures.jpg',11),(58,'Hamburguesas y milanesas','hamburguesas-y-milanesas','img-categoria-congelados-hamburguesas-y-milanesas.jpg',12),(59,'Vegetales','vegetales','img-categoria-congelados-vegetales.jpg',12),(60,'Papas','papas','img-categoria-congelados-papas.jpg',12),(61,'Cuidado capilar','cuidado-capilar','img-categoria-perfumeria-cuidado-capilar.jpg',13),(62,'Cuidado dela piel','cuidado-de-la-piel','img-categoria-perfumeria-cuidado-de-la-piel.jpg',13),(63,'Cuidado personal','cuidado-personal','img-categoria-perfumeria-cuidado-personal.jpg',13),(64,'Farmacia','farmacia','img-categoria-perfumeria-farmacia.png',13),(65,'Maquillaje','maquillaje','img-categoria-perfumeria-maquillaje.png',13),(66,'Desodorantes de ambiente','desodorantes-de-ambiente','img-categoria-limpieza-desodorantes-de-ambiente.jpg',14),(67,'Insecticidas','insecticidas','img-categoria-limpieza-insecticida.jpg',14),(68,'Lavandina','lavandina','img-categoria-limpieza-lavandinas.jpg',14),(69,'Limpieza de baño','limpieza-de-baño','img-categoria-limpieza-limpieza-de-banios.jpg',14),(70,'Limpieza de cocina','limpieza-de-cocina','img-categoria-limpieza-limpieza-de-cocinas.jpg',14),(71,'Limpieza de pisos y muebles','limpieza-de-pisos-y-muebles','img-categoria-limpieza-limpieza-de-pisos.jpg',14),(72,'Accesorios para mascotas','accesorios-para-mascotas','img-categoria-mascotas-accesorios-para-mascotas.jpg',15),(73,'Gatos','gatos','img-categoria-mascotas-gatos.png',15),(74,'Perros','perros','img-categoria-mascotas-perros.jpg',15),(75,'Otros Animales','otros-animales','img-categoria-mascotas-otros-animales.jpg',15);
/*!40000 ALTER TABLE `subcategories` ENABLE KEYS */;
UNLOCK TABLES;

--
-- Table structure for table `users`
--

DROP TABLE IF EXISTS `users`;
/*!40101 SET @saved_cs_client     = @@character_set_client */;
/*!40101 SET character_set_client = utf8 */;
CREATE TABLE `users` (
  `id` int(11) NOT NULL AUTO_INCREMENT,
  `name` varchar(45) NOT NULL,
  `last_name` varchar(45) NOT NULL,
  `email` varchar(100) NOT NULL,
  `password` varchar(100) NOT NULL,
  `avatar` varchar(100) DEFAULT NULL,
  `address` varchar(45) DEFAULT NULL,
  `city` varchar(45) DEFAULT NULL,
  `province` varchar(45) DEFAULT NULL,
  `cp` int(11) DEFAULT NULL,
  `rol` varchar(45) DEFAULT NULL,
  `created_at` timestamp NULL DEFAULT NULL,
  `updated_at` timestamp NULL DEFAULT NULL,
  PRIMARY KEY (`id`),
  UNIQUE KEY `email_UNIQUE` (`email`)
) ENGINE=InnoDB AUTO_INCREMENT=4 DEFAULT CHARSET=utf8;
/*!40101 SET character_set_client = @saved_cs_client */;

--
-- Dumping data for table `users`
--

LOCK TABLES `users` WRITE;
/*!40000 ALTER TABLE `users` DISABLE KEYS */;
INSERT INTO `users` VALUES (1,'Rossmery','Garcia','garciarossmery@gmail.com','$2b$10$dSzKjaJXgwZRhzJ8YpbFl.ccrJo/4g31MxQAO6ysvPkWUsL2OQ.2O','default.png',NULL,NULL,NULL,NULL,'admin','2020-10-10 18:52:33','2020-10-10 18:52:33'),(2,'Alberto','Martinez','alberto@martinez.com','$2b$10$u.FRRvjuDAcQr7z28xAtv.SkTkRvrFxIuMeIkuxgDCc6izvMPbNX6','avatar1602365508332.jpg',NULL,NULL,NULL,NULL,'admin','2020-10-10 21:31:48','2020-10-10 21:31:48'),(3,'Kevin','Mendoza','kevin@mendoza.com','$2b$10$hfi7ZRvceugAJzUK7FtT8uWtkq6COEvBfpkXvyCP0ejx2Qi.BXwqq','default.png',NULL,NULL,NULL,NULL,'user','2020-10-13 02:15:43','2020-10-13 02:15:43');
/*!40000 ALTER TABLE `users` ENABLE KEYS */;
UNLOCK TABLES;
/*!40103 SET TIME_ZONE=@OLD_TIME_ZONE */;

/*!40101 SET SQL_MODE=@OLD_SQL_MODE */;
/*!40014 SET FOREIGN_KEY_CHECKS=@OLD_FOREIGN_KEY_CHECKS */;
/*!40014 SET UNIQUE_CHECKS=@OLD_UNIQUE_CHECKS */;
/*!40101 SET CHARACTER_SET_CLIENT=@OLD_CHARACTER_SET_CLIENT */;
/*!40101 SET CHARACTER_SET_RESULTS=@OLD_CHARACTER_SET_RESULTS */;
/*!40101 SET COLLATION_CONNECTION=@OLD_COLLATION_CONNECTION */;
/*!40111 SET SQL_NOTES=@OLD_SQL_NOTES */;

-- Dump completed on 2020-10-13  0:07:07
